MOTB007/contour10.png,10
MOTB007/contour14.png,4
MOTB007/contour15.png,9
MOTB007/contour16.png,26
MOTB007/contour19.png,18
MOTB007/contour20.png,17
MOTB007/contour21.png,5
MOTB007/contour22.png,4
MOTB007/contour23.png,12
MOTB007/contour25.png,4
MOTB007/contour26.png,26
MOTB007/contour27.png,12
MOTB007/contour28.png,9
MOTB007/contour30.png,0
MOTB007/contour31.png,4
MOTB007/contour33.png,26
MOTB007/contour34.png,18
MOTB007/contour36.png,12
MOTB007/contour45.png,24
MOTB007/contour46.png,4
MOTB007/contour48.png,0
MOTB007/contour50.png,16
MOTB007/contour51.png,1
MOTB007/contour52.png,18
MOTB007/contour53.png,25
MOTB007/contour55.png,10
MOTB007/contour56.png,0
MOTB007/contour59.png,4
MOTB007/contour60.png,24
MOTB007/contour61.png,26
MOTB007/contour62.png,26
MOTB007/contour63.png,26
MOTB007/contour64.png,9
MOTB007/contour65.png,26
MOTB007/contour66.png,0
MOTB007/contour67.png,25
MOTB007/contour68.png,4
MOTB007/contour69.png,23
MOTB007/contour70.png,1
MOTB007/contour71.png,0
MOTB007/contour72.png,7
MOTB007/contour73.png,12
MOTB007/contour84.png,24
MOTB007/contour85.png,10
MOTB007/contour86.png,5
MOTB007/contour87.png,24
MOTB007/contour88.png,1
MOTB007/contour89.png,26
MOTB007/contour90.png,10
MOTB007/contour91.png,4
MOTB007/contour92.png,13
MOTB007/contour93.png,4
MOTB007/contour94.png,1
MOTB007/contour95.png,7
MOTB007/contour97.png,0
MOTB007/contour98.png,23
MOTB007/contour99.png,0
MOTB007/contour100.png,18
MOTB007/contour101.png,26
MOTB007/contour102.png,0
MOTB007/contour103.png,17
MOTB007/contour104.png,25
MOTB007/contour108.png,4
MOTB007/contour109.png,4
MOTB007/contour110.png,12
MOTB007/contour111.png,0
MOTB007/contour112.png,7
MOTB007/contour113.png,12
MOTB007/contour114.png,26
MOTB007/contour115.png,12
MOTB007/contour116.png,12
MOTB007/contour129.png,13
MOTB007/contour130.png,24
MOTB007/contour131.png,13
MOTB007/contour132.png,17
MOTB007/contour134.png,5
MOTB007/contour136.png,9
MOTB007/contour137.png,4
MOTB007/contour139.png,23
MOTB007/contour140.png,9
MOTB007/contour141.png,23
MOTB007/contour142.png,13
MOTB007/contour143.png,10
MOTB007/contour145.png,1
MOTB007/contour149.png,4
MOTB007/contour150.png,4
MOTB007/contour152.png,0
MOTB007/contour153.png,7
MOTB007/contour155.png,4
MOTB007/contour157.png,18
MOTB007/contour158.png,12
MOTB007/contour159.png,12
MOTB007/contour164.png,24
MOTB007/contour165.png,13
MOTB007/contour166.png,5
MOTB007/contour167.png,5
MOTB007/contour168.png,24
MOTB007/contour170.png,13
MOTB007/contour171.png,5
MOTB007/contour172.png,9
MOTB007/contour173.png,4
MOTB007/contour175.png,26
MOTB007/contour176.png,1
MOTB007/contour177.png,3
MOTB007/contour178.png,16
MOTB007/contour182.png,0
MOTB007/contour183.png,0
MOTB007/contour184.png,5
MOTB007/contour186.png,19
MOTB007/contour188.png,23
MOTB007/contour189.png,15
MOTB007/contour190.png,3
MOTB007/contour191.png,0
MOTB007/contour193.png,18
MOTB007/contour194.png,6
MOTB007/contour197.png,8
MOTB007/contour198.png,25
MOTB007/contour200.png,7
MOTB007/contour201.png,12
MOTB007/contour202.png,12
MOTB007/contour211.png,24
MOTB007/contour212.png,11
MOTB007/contour213.png,26
MOTB007/contour214.png,5
MOTB007/contour215.png,5
MOTB007/contour216.png,24
MOTB007/contour217.png,17
MOTB007/contour218.png,5
MOTB007/contour221.png,24
MOTB007/contour222.png,23
MOTB007/contour224.png,25
MOTB007/contour225.png,15
MOTB007/contour226.png,9
MOTB007/contour227.png,14
MOTB007/contour229.png,3
MOTB007/contour230.png,1
MOTB007/contour231.png,6
MOTB007/contour232.png,4
MOTB007/contour233.png,5
MOTB007/contour236.png,9
MOTB007/contour237.png,23
MOTB007/contour240.png,0
MOTB007/contour241.png,18
MOTB007/contour243.png,9
MOTB007/contour244.png,1
MOTB007/contour245.png,19
MOTB007/contour247.png,18
MOTB007/contour248.png,0
MOTB007/contour249.png,15
MOTB007/contour250.png,0
MOTB007/contour254.png,12
MOTB007/contour256.png,12
MOTB007/contour261.png,5
MOTB007/contour262.png,4
MOTB007/contour263.png,25
MOTB007/contour264.png,4
MOTB007/contour265.png,4
MOTB007/contour266.png,14
MOTB007/contour267.png,0
MOTB007/contour268.png,9
MOTB007/contour270.png,12
MOTB007/contour282.png,24
MOTB007/contour283.png,17
MOTB007/contour284.png,5
MOTB007/contour285.png,10
MOTB007/contour286.png,5
MOTB007/contour287.png,4
MOTB007/contour288.png,10
MOTB007/contour289.png,13
MOTB007/contour290.png,10
MOTB007/contour292.png,18
MOTB007/contour293.png,15
MOTB007/contour295.png,1
MOTB007/contour296.png,3
MOTB007/contour297.png,9
MOTB007/contour298.png,4
MOTB007/contour299.png,8
MOTB007/contour300.png,4
MOTB007/contour301.png,4
MOTB007/contour302.png,9
MOTB007/contour303.png,26
MOTB007/contour305.png,16
MOTB007/contour306.png,1
MOTB007/contour307.png,4
MOTB007/contour308.png,23
MOTB007/contour310.png,9
MOTB007/contour311.png,4
MOTB007/contour312.png,4
MOTB007/contour313.png,4
MOTB007/contour314.png,6
MOTB007/contour315.png,18
MOTB007/contour316.png,7
MOTB007/contour317.png,12
MOTB007/contour318.png,12
MOTB007/contour319.png,12
MOTB007/contour328.png,24
MOTB007/contour330.png,10
MOTB007/contour331.png,17
MOTB007/contour332.png,14
MOTB007/contour333.png,5
MOTB007/contour334.png,26
MOTB007/contour335.png,26
MOTB007/contour336.png,26
MOTB007/contour337.png,24
MOTB007/contour339.png,4
MOTB007/contour340.png,18
