MOTB002/contour10.png,0
MOTB002/contour11.png,5
MOTB002/contour12.png,26
MOTB002/contour13.png,24
MOTB002/contour14.png,0
MOTB002/contour15.png,24
MOTB002/contour16.png,24
MOTB002/contour17.png,14
MOTB002/contour18.png,14
MOTB002/contour20.png,9
MOTB002/contour22.png,4
MOTB002/contour23.png,19
MOTB002/contour24.png,3
MOTB002/contour26.png,18
MOTB002/contour29.png,21
MOTB002/contour30.png,18
MOTB002/contour31.png,9
MOTB002/contour32.png,9
MOTB002/contour33.png,18
MOTB002/contour34.png,22
MOTB002/contour36.png,12
MOTB002/contour37.png,12
MOTB002/contour47.png,5
MOTB002/contour48.png,10
MOTB002/contour49.png,26
MOTB002/contour50.png,26
MOTB002/contour51.png,17
MOTB002/contour52.png,0
MOTB002/contour53.png,0
MOTB002/contour54.png,5
MOTB002/contour55.png,24
MOTB002/contour56.png,24
MOTB002/contour57.png,5
MOTB002/contour58.png,14
MOTB002/contour59.png,14
MOTB002/contour60.png,10
MOTB002/contour62.png,24
MOTB002/contour63.png,13
MOTB002/contour64.png,14
MOTB002/contour65.png,13
MOTB002/contour67.png,7
MOTB002/contour69.png,9
MOTB002/contour70.png,9
MOTB002/contour71.png,22
MOTB002/contour72.png,18
MOTB002/contour73.png,4
MOTB002/contour74.png,9
MOTB002/contour75.png,21
MOTB002/contour76.png,25
MOTB002/contour77.png,9
MOTB002/contour79.png,8
MOTB002/contour81.png,4
MOTB002/contour82.png,8
MOTB002/contour83.png,1
MOTB002/contour84.png,12
MOTB002/contour89.png,5
MOTB002/contour90.png,0
MOTB002/contour91.png,26
MOTB002/contour92.png,14
MOTB002/contour93.png,0
MOTB002/contour94.png,24
MOTB002/contour95.png,5
MOTB002/contour96.png,24
MOTB002/contour98.png,26
MOTB002/contour99.png,13
MOTB002/contour101.png,13
MOTB002/contour102.png,13
MOTB002/contour103.png,9
MOTB002/contour104.png,24
MOTB002/contour105.png,9
MOTB002/contour106.png,3
MOTB002/contour107.png,21
MOTB002/contour108.png,8
MOTB002/contour109.png,16
MOTB002/contour110.png,9
MOTB002/contour112.png,4
MOTB002/contour113.png,9
MOTB002/contour114.png,9
MOTB002/contour115.png,19
MOTB002/contour116.png,18
MOTB002/contour117.png,4
MOTB002/contour118.png,18
MOTB002/contour119.png,3
MOTB002/contour120.png,21
MOTB002/contour121.png,18
MOTB002/contour122.png,12
MOTB002/contour123.png,12
MOTB002/contour131.png,14
MOTB002/contour132.png,5
MOTB002/contour133.png,0
MOTB002/contour135.png,0
MOTB002/contour136.png,26
MOTB002/contour137.png,13
MOTB002/contour138.png,14
MOTB002/contour139.png,0
MOTB002/contour140.png,24
MOTB002/contour141.png,24
MOTB002/contour142.png,24
MOTB002/contour143.png,14
MOTB002/contour144.png,19
MOTB002/contour145.png,18
MOTB002/contour147.png,13
MOTB002/contour148.png,4
MOTB002/contour149.png,4
MOTB002/contour150.png,9
MOTB002/contour152.png,2
MOTB002/contour153.png,4
MOTB002/contour154.png,3
MOTB002/contour155.png,9
MOTB002/contour156.png,9
MOTB002/contour157.png,18
MOTB002/contour158.png,21
MOTB002/contour159.png,22
MOTB002/contour161.png,21
MOTB002/contour163.png,18
MOTB002/contour166.png,12
MOTB002/contour174.png,0
MOTB002/contour175.png,24
MOTB002/contour176.png,11
MOTB002/contour177.png,11
MOTB002/contour178.png,26
MOTB002/contour179.png,26
MOTB002/contour180.png,0
MOTB002/contour181.png,14
MOTB002/contour182.png,24
MOTB002/contour183.png,5
MOTB002/contour184.png,13
MOTB002/contour185.png,15
MOTB002/contour186.png,4
MOTB002/contour187.png,8
MOTB002/contour188.png,4
MOTB002/contour189.png,18
MOTB002/contour191.png,1
MOTB002/contour192.png,15
MOTB002/contour193.png,4
MOTB002/contour194.png,9
MOTB002/contour195.png,8
MOTB002/contour196.png,4
MOTB002/contour197.png,18
MOTB002/contour198.png,9
MOTB002/contour199.png,18
MOTB002/contour200.png,12
MOTB002/contour201.png,12
MOTB002/contour202.png,12
MOTB002/contour215.png,5
MOTB002/contour216.png,5
MOTB002/contour217.png,0
MOTB002/contour218.png,24
MOTB002/contour219.png,24
MOTB002/contour220.png,14
MOTB002/contour221.png,13
MOTB002/contour222.png,0
MOTB002/contour223.png,19
MOTB002/contour224.png,24
MOTB002/contour225.png,4
MOTB002/contour226.png,0
MOTB002/contour227.png,0
MOTB002/contour228.png,0
MOTB002/contour229.png,13
MOTB002/contour230.png,24
MOTB002/contour231.png,9
MOTB002/contour232.png,4
MOTB002/contour233.png,13
MOTB002/contour234.png,3
MOTB002/contour235.png,9
MOTB002/contour236.png,4
MOTB002/contour237.png,21
MOTB002/contour238.png,18
MOTB002/contour239.png,9
MOTB002/contour241.png,4
MOTB002/contour243.png,25
MOTB002/contour244.png,4
MOTB002/contour247.png,12
MOTB002/contour248.png,12
MOTB002/contour252.png,0
MOTB002/contour254.png,24
MOTB002/contour255.png,26
MOTB002/contour259.png,11
MOTB002/contour260.png,14
MOTB002/contour261.png,10
MOTB002/contour262.png,5
MOTB002/contour263.png,13
MOTB002/contour264.png,11
MOTB002/contour265.png,10
MOTB002/contour266.png,10
MOTB002/contour267.png,5
MOTB002/contour268.png,1
MOTB002/contour269.png,9
MOTB002/contour270.png,1
MOTB002/contour271.png,4
MOTB002/contour273.png,3
MOTB002/contour275.png,25
MOTB002/contour276.png,1
MOTB002/contour277.png,1
MOTB002/contour278.png,9
MOTB002/contour279.png,9
MOTB002/contour280.png,18
MOTB002/contour282.png,18
MOTB002/contour285.png,12
MOTB002/contour286.png,12
MOTB002/contour287.png,5
MOTB002/contour288.png,11
MOTB002/contour289.png,10
MOTB002/contour290.png,13
MOTB002/contour292.png,11
MOTB002/contour293.png,26
MOTB002/contour294.png,26
MOTB002/contour297.png,5
MOTB002/contour299.png,11
MOTB002/contour300.png,18
MOTB002/contour301.png,1
MOTB002/contour302.png,13
MOTB002/contour303.png,26
MOTB002/contour304.png,24
MOTB002/contour305.png,11
MOTB002/contour306.png,1
MOTB002/contour307.png,1
MOTB002/contour310.png,25
MOTB002/contour312.png,9
MOTB002/contour313.png,1
MOTB002/contour314.png,3
MOTB002/contour316.png,1
MOTB002/contour317.png,18
MOTB002/contour319.png,9
MOTB002/contour320.png,1
MOTB002/contour322.png,18
MOTB002/contour323.png,9
MOTB002/contour324.png,12
MOTB002/contour332.png,0
MOTB002/contour333.png,24
MOTB002/contour334.png,24
MOTB002/contour335.png,24
MOTB002/contour337.png,14
MOTB002/contour338.png,5
MOTB002/contour339.png,5
MOTB002/contour340.png,19
MOTB002/contour341.png,5
MOTB002/contour342.png,0
MOTB002/contour343.png,5
MOTB002/contour344.png,26
MOTB002/contour345.png,5
MOTB002/contour346.png,9
MOTB002/contour347.png,11
MOTB002/contour348.png,24
MOTB002/contour349.png,25
MOTB002/contour350.png,4
MOTB002/contour351.png,9
MOTB002/contour352.png,21
MOTB002/contour353.png,1
MOTB002/contour354.png,22
MOTB002/contour356.png,3
MOTB002/contour357.png,18
MOTB002/contour359.png,18
MOTB002/contour360.png,1
MOTB002/contour361.png,1
MOTB002/contour362.png,7
MOTB002/contour363.png,3
MOTB002/contour364.png,1
MOTB002/contour365.png,12
MOTB002/contour372.png,0
MOTB002/contour373.png,10
MOTB002/contour374.png,26
MOTB002/contour376.png,0
MOTB002/contour377.png,10
MOTB002/contour380.png,11
MOTB002/contour381.png,4
MOTB002/contour382.png,9
MOTB002/contour383.png,15
MOTB002/contour384.png,4
MOTB002/contour386.png,24
MOTB002/contour387.png,7
MOTB002/contour389.png,25
MOTB002/contour390.png,19
MOTB002/contour391.png,14
MOTB002/contour392.png,2
MOTB002/contour393.png,15
MOTB002/contour394.png,15
MOTB002/contour395.png,1
MOTB002/contour396.png,1
MOTB002/contour397.png,3
MOTB002/contour398.png,12
MOTB002/contour399.png,9
MOTB002/contour400.png,12
MOTB002/contour401.png,18
MOTB002/contour402.png,21
MOTB002/contour403.png,12
MOTB002/contour404.png,12
MOTB002/contour410.png,10
MOTB002/contour411.png,26
MOTB002/contour412.png,0
MOTB002/contour413.png,5
MOTB002/contour414.png,24
MOTB002/contour415.png,0
MOTB002/contour416.png,5
MOTB002/contour417.png,13
MOTB002/contour420.png,4
MOTB002/contour421.png,13
MOTB002/contour422.png,5
MOTB002/contour423.png,4
MOTB002/contour425.png,9
MOTB002/contour426.png,14
MOTB002/contour427.png,0
MOTB002/contour428.png,0
MOTB002/contour430.png,13
MOTB002/contour431.png,0
MOTB002/contour432.png,26
MOTB002/contour433.png,4
MOTB002/contour434.png,7
MOTB002/contour435.png,9
MOTB002/contour436.png,25
MOTB002/contour437.png,9
MOTB002/contour438.png,9
MOTB002/contour439.png,3
MOTB002/contour440.png,18
MOTB002/contour441.png,18
MOTB002/contour442.png,15
MOTB002/contour443.png,4
MOTB002/contour444.png,12
MOTB002/contour445.png,16
MOTB002/contour453.png,5
MOTB002/contour454.png,0
MOTB002/contour455.png,5
MOTB002/contour456.png,0
MOTB002/contour457.png,24
MOTB002/contour458.png,0
MOTB002/contour459.png,0
MOTB002/contour461.png,13
MOTB002/contour462.png,13
MOTB002/contour463.png,24
MOTB002/contour464.png,5
MOTB002/contour466.png,0
MOTB002/contour467.png,19
MOTB002/contour468.png,5
MOTB002/contour469.png,1
MOTB002/contour470.png,24
MOTB002/contour471.png,26
MOTB002/contour472.png,9
MOTB002/contour473.png,0
MOTB002/contour474.png,4
MOTB002/contour475.png,4
MOTB002/contour476.png,25
MOTB002/contour477.png,13
MOTB002/contour480.png,4
MOTB002/contour481.png,4
MOTB002/contour482.png,18
MOTB002/contour484.png,9
MOTB002/contour485.png,12
MOTB002/contour486.png,12
MOTB002/contour487.png,12
MOTB002/contour495.png,5
MOTB002/contour496.png,5
MOTB002/contour497.png,0
MOTB002/contour498.png,10
MOTB002/contour499.png,26
MOTB002/contour500.png,0
MOTB002/contour501.png,14
MOTB002/contour502.png,0
MOTB002/contour503.png,24
MOTB002/contour504.png,26
MOTB002/contour505.png,24
MOTB002/contour507.png,9
MOTB002/contour508.png,13
MOTB002/contour509.png,9
MOTB002/contour511.png,4
MOTB002/contour512.png,4
MOTB002/contour513.png,7
MOTB002/contour514.png,9
MOTB002/contour515.png,4
MOTB002/contour516.png,9
MOTB002/contour517.png,4
MOTB002/contour518.png,9
MOTB002/contour524.png,0
MOTB002/contour525.png,24
MOTB002/contour526.png,5
MOTB002/contour528.png,26
MOTB002/contour529.png,0
MOTB002/contour530.png,26
MOTB002/contour532.png,26
MOTB002/contour533.png,10
MOTB002/contour534.png,0
MOTB002/contour535.png,13
MOTB002/contour537.png,26
MOTB002/contour538.png,10
MOTB002/contour539.png,5
MOTB002/contour540.png,9
MOTB002/contour542.png,25
MOTB002/contour545.png,4
MOTB002/contour546.png,9
MOTB002/contour548.png,9
MOTB002/contour549.png,25
MOTB002/contour552.png,25
MOTB002/contour554.png,1
MOTB002/contour555.png,18
MOTB002/contour556.png,12
MOTB002/contour557.png,12
MOTB002/contour558.png,12
MOTB002/contour560.png,12
